0, 1, 0, -0.5
0.08, 0.997037, -0.04, -0.499259
0.159527, 0.988179, -0.0798817, -0.497042
0.238117, 0.973516, -0.119529, -0.493366
0.315323, 0.953196, -0.158829, -0.488256
0.390724, 0.92742, -0.197674, -0.481748
0.463931, 0.896435, -0.235964, -0.473888
0.534591, 0.860529, -0.273607, -0.464727
0.602393, 0.820022, -0.310518, -0.454324
0.667067, 0.775257, -0.346622, -0.442741
0.728388, 0.726596, -0.381856, -0.430045
0.786174, 0.674408, -0.416163, -0.416306
0.840284, 0.619067, -0.449498, -0.401594
0.890618, 0.560944, -0.481822, -0.385979
0.93711, 0.500401, -0.513107, -0.369532
0.979726, 0.437788, -0.543331, -0.35232
1.01846, 0.373442, -0.572479, -0.334411
1.05334, 0.307682, -0.600543, -0.315869
1.08441, 0.240807, -0.62752, -0.296755
1.11172, 0.173098, -0.65341, -0.277127
1.13535, 0.104817, -0.678219, -0.25704
1.15539, 0.0362046, -0.701956, -0.236547
1.17194, -0.0325176, -0.724632, -0.215697
1.1851, -0.101146, -0.746261, -0.194535
1.19498, -0.169494, -0.766857, -0.173103
1.2017, -0.237393, -0.786437, -0.151443
1.20536, -0.30469, -0.80502, -0.12959
1.2061, -0.371246, -0.822623, -0.10758
1.20401, -0.436934, -0.839265, -0.0854437
1.19923, -0.501641, -0.854966, -0.0632118
1.19185, -0.565266, -0.869744, -0.0409117
1.182, -0.627717, -0.883618, -0.0185691
1.16979, -0.688911, -0.896608, 0.00379218
1.15531, -0.748773, -0.908732, 0.0261497
1.13868, -0.807238, -0.920008, 0.0484829
1.11999, -0.864247, -0.930453, 0.0707723
1.09934, -0.919745, -0.940085, 0.0929999
1.07684, -0.973685, -0.948922, 0.115149
1.05256, -1.02602, -0.956978, 0.137203
1.0266, -1.07672, -0.964269, 0.159147
0.999041, -1.12575, -0.970812, 0.180968
0.969973, -1.17307, -0.976619, 0.202652
0.939472, -1.21866, -0.981705, 0.224186
0.907617, -1.26249, -0.986083, 0.245559
0.874482, -1.30454, -0.989767, 0.266758
0.84014, -1.3448, -0.992767, 0.287774
0.804662, -1.38323, -0.995096, 0.308595
0.768116, -1.41983, -0.996765, 0.329211
0.730569, -1.45457, -0.997784, 0.349612
0.692085, -1.48746, -0.998163, 0.369789
0.652727, -1.51846, -0.997912, 0.389733
0.612556, -1.54757, -0.99704, 0.409434
0.571632, -1.57478, -0.995555, 0.428884
0.530013, -1.60008, -0.993465, 0.448073
0.487758, -1.62345, -0.990777, 0.466992
0.444921, -1.64489, -0.9875, 0.485634
0.401558, -1.66438, -0.983639, 0.503988
0.357724, -1.68192, -0.9792, 0.522047
0.313472, -1.69749, -0.97419, 0.5398
0.268855, -1.7111, -0.968613, 0.55724
0.223927, -1.72271, -0.962475, 0.574357
0.17874, -1.73234, -0.95578, 0.591142
0.133346, -1.73996, -0.948532, 0.607584
0.0877972, -1.74557, -0.940735, 0.623675
0.0421468, -1.74914, -0.932392, 0.639404
-0.00355275, -1.75069, -0.923506, 0.65476
-0.0492481, -1.75018, -0.914079, 0.669733
-0.0948854, -1.74761, -0.904114, 0.684312
-0.14041, -1.74296, -0.893611, 0.698483
-0.185766, -1.73622, -0.882573, 0.712237
-0.230897, -1.72738, -0.871, 0.725558
-0.275745, -1.71642, -0.858892, 0.738434
-0.320249, -1.70332, -0.84625, 0.750851
-0.364348, -1.68807, -0.833072, 0.762792
-0.407978, -1.67064, -0.819358, 0.774243
-0.451073, -1.65102, -0.805107, 0.785185
-0.493563, -1.62919, -0.790315, 0.795601
-0.535376, -1.60512, -0.774982, 0.805472
-0.576436, -1.57879, -0.759103, 0.814776
-0.616662, -1.55019, -0.742676, 0.823491
-0.65597, -1.51927, -0.725696, 0.831592
-0.694269, -1.48602, -0.708158, 0.839055
-0.731464, -1.4504, -0.690057, 0.84585
-0.767452, -1.41239, -0.671386, 0.851947
-0.80212, -1.37195, -0.652138, 0.857311
-0.835351, -1.32905, -0.632305, 0.861908
-0.867013, -1.28366, -0.611879, 0.865695
-0.896965, -1.23573, -0.59085, 0.868628
-0.925051, -1.18524, -0.569206, 0.870658
-0.951101, -1.13213, -0.546935, 0.87173
-0.974924, -1.07637, -0.524024, 0.871781
-0.996308, -1.01793, -0.500458, 0.870742
-1.01502, -0.956744, -0.47622, 0.868533
-1.03078, -0.892785, -0.451291, 0.865064
-1.04329, -0.826011, -0.42565, 0.860231
-1.0522, -0.756384, -0.399274, 0.853913
-1.0571, -0.683873, -0.372137, 0.845967
-1.05751, -0.608458, -0.34421, 0.836225
-1.05286, -0.530134, -0.31546, 0.824483
-1.04247, -0.44892, -0.28585, 0.810494
-1.02551, -0.364874, -0.255338, 0.79395
-1.00093, -0.27812, -0.223879, 0.774458
-0.967416, -0.188882, -0.19142, 0.751508
-0.923225, -0.0975596, -0.157905, 0.724411
-0.866001, -0.00485976, -0.123275, 0.692201
-0.792388, 0.087932, -0.0874792, 0.653441
-0.697302, 0.178341, -0.0504978, 0.605828
-0.572292, 0.261096, -0.0124328, 0.545215
-0.40103, 0.32275, 0.0261346, 0.46257
-0.141436, 0.313314, 0.0618237, 0.328981
0.452029, -0.435726, 0.0245428, -0.192901
0.969416, -1.11143, -0.0148034, -0.698551
1.47086, -1.76886, -0.0540278, -1.19845
1.96548, -2.41808, -0.0931271, -1.69558
2.45632, -3.06265, -0.132137, -2.19108
2.94475, -3.70422, -0.171081, -2.68549
3.4315, -4.34368, -0.209978, -3.17915
3.91703, -4.98158, -0.248836, -3.67224
4.40162, -5.61829, -0.287665, -4.16489
4.88546, -6.25405, -0.326469, -4.65718
5.3687, -6.88904, -0.365254, -5.14919
5.85144, -7.52338, -0.404021, -5.64095
6.33376, -8.15719, -0.442774, -6.13252
6.81572, -8.79054, -0.481514, -6.62391
7.29737, -9.42348, -0.520243, -7.11515
7.77876, -10.0561, -0.558963, -7.60626
8.2599, -10.6884, -0.597674, -8.09726
8.74084, -11.3204, -0.636378, -8.58815
9.22159, -11.9522, -0.675075, -9.07895
9.70217, -12.5837, -0.713765, -9.56967
10.1826, -13.2151, -0.75245, -10.0603
10.6629, -13.8463, -0.79113, -10.5509
11.1431, -14.4773, -0.829805, -11.0414
11.6231, -15.1082, -0.868476, -11.5318
12.103, -15.7389, -0.907143, -12.0222
12.5829, -16.3695, -0.945807, -12.5126
13.0626, -17, -0.984467, -13.0029
13.5423, -17.6304, -1.02312, -13.4932
14.0219, -18.2606, -1.06178, -13.9834
14.5014, -18.8908, -1.10043, -14.4736
14.9809, -19.5209, -1.13908, -14.9637
15.4603, -20.1509, -1.17772, -15.4539
15.9396, -20.7809, -1.21637, -15.944
16.4189, -21.4107, -1.25501, -16.434
16.8981, -22.0405, -1.29365, -16.9241
17.3773, -22.6702, -1.33229, -17.4141
17.8564, -23.2999, -1.37092, -17.9041
18.3355, -23.9295, -1.40956, -18.3941
18.8145, -24.559, -1.44819, -18.884
19.2935, -25.1885, -1.48682, -19.3739
19.7724, -25.818, -1.52545, -19.8638
20.2514, -26.4474, -1.56408, -20.3537
20.7302, -27.0767, -1.6027, -20.8436
21.2091, -27.706, -1.64133, -21.3335
21.6879, -28.3353, -1.67995, -21.8233
22.1667, -28.9645, -1.71858, -22.3131
22.6455, -29.5937, -1.7572, -22.8029
23.1242, -30.2229, -1.79582, -23.2927
23.6029, -30.852, -1.83444, -23.7825
24.0816, -31.4811, -1.87306, -24.2723
24.5602, -32.1101, -1.91168, -24.762
25.0389, -32.7391, -1.95029, -25.2518
25.5175, -33.3681, -1.98891, -25.7415
25.9961, -33.9971, -2.02752, -26.2312
26.4746, -34.626, -2.06614, -26.7209
26.9532, -35.2549, -2.10475, -27.2106
27.4317, -35.8838, -2.14336, -27.7003
27.9102, -36.5127, -2.18198, -28.19
28.3887, -37.1415, -2.22059, -28.6797
28.8672, -37.7703, -2.2592, -29.1694
29.3456, -38.3991, -2.29781, -29.659
29.824, -39.0279, -2.33642, -30.1487
30.3025, -39.6566, -2.37503, -30.6383
30.7809, -40.2854, -2.41363, -31.1279
31.2593, -40.9141, -2.45224, -31.6175
31.7376, -41.5427, -2.49085, -32.1072
32.216, -42.1714, -2.52945, -32.5968
32.6943, -42.8001, -2.56806, -33.0864
33.1727, -43.4287, -2.60667, -33.576
33.651, -44.0573, -2.64527, -34.0656
34.1293, -44.6859, -2.68387, -34.5551
34.6076, -45.3145, -2.72248, -35.0447
35.0859, -45.9431, -2.76108, -35.5343
35.5642, -46.5716, -2.79968, -36.0238
36.0424, -47.2001, -2.83829, -36.5134
36.5207, -47.8287, -2.87689, -37.003
36.9989, -48.4572, -2.91549, -37.4925
37.4771, -49.0857, -2.95409, -37.982
37.9554, -49.7142, -2.99269, -38.4716
38.4336, -50.3426, -3.03129, -38.9611
38.9118, -50.9711, -3.06989, -39.4506
39.39, -51.5995, -3.10849, -39.9402
39.8681, -52.228, -3.14709, -40.4297
40.3463, -52.8564, -3.18569, -40.9192
40.8245, -53.4848, -3.22429, -41.4087
41.3026, -54.1132, -3.26289, -41.8982
41.7808, -54.7416, -3.30149, -42.3877
42.2589, -55.3699, -3.34008, -42.8772
42.737, -55.9983, -3.37868, -43.3667
43.2152, -56.6267, -3.41728, -43.8562
43.6933, -57.255, -3.45587, -44.3457
44.1714, -57.8833, -3.49447, -44.8351
44.6495, -58.5117, -3.53307, -45.3246
45.1276, -59.14, -3.57166, -45.8141
45.6057, -59.7683, -3.61026, -46.3036
46.0837, -60.3966, -3.64885, -46.793
46.5618, -61.0249, -3.68745, -47.2825
47.0399, -61.6532, -3.72604, -47.7719
47.5179, -62.2814, -3.76464, -48.2614
47.996, -62.9097, -3.80323, -48.7508
48.474, -63.5379, -3.84183, -49.2403
48.9521, -64.1662, -3.88042, -49.7297
49.4301, -64.7944, -3.91901, -50.2192
49.9081, -65.4227, -3.95761, -50.7086
50.3862, -66.0509, -3.9962, -51.1981
50.8642, -66.6791, -4.03479, -51.6875
51.3422, -67.3073, -4.07338, -52.1769
51.8202, -67.9355, -4.11198, -52.6664
52.2982, -68.5637, -4.15057, -53.1558
52.7762, -69.1919, -4.18916, -53.6452
53.2542, -69.8201, -4.22775, -54.1346
53.7322, -70.4483, -4.26634, -54.624
54.2101, -71.0764, -4.30493, -55.1135
54.6881, -71.7046, -4.34353, -55.6029
55.1661, -72.3327, -4.38212, -56.0923
55.6441, -72.9609, -4.42071, -56.5817
56.122, -73.589, -4.4593, -57.0711
56.6, -74.2172, -4.49789, -57.5605
57.0779, -74.8453, -4.53648, -58.0499
57.5559, -75.4734, -4.57507, -58.5393
58.0338, -76.1016, -4.61366, -59.0287
58.5118, -76.7297, -4.65225, -59.5181
58.9897, -77.3578, -4.69084, -60.0075
59.4676, -77.9859, -4.72943, -60.4969
59.9455, -78.614, -4.76802, -60.9863
60.4235, -79.2421, -4.80661, -61.4756
60.9014, -79.8702, -4.84519, -61.965
61.3793, -80.4983, -4.88378, -62.4544
61.8572, -81.1263, -4.92237, -62.9438
62.3351, -81.7544, -4.96096, -63.4332
62.813, -82.3825, -4.99955, -63.9226
63.2909, -83.0105, -5.03814, -64.4119
63.7688, -83.6386, -5.07672, -64.9013
64.2467, -84.2667, -5.11531, -65.3907
64.7246, -84.8947, -5.1539, -65.88
65.2025, -85.5228, -5.19249, -66.3694
65.6804, -86.1508, -5.23108, -66.8588
66.1583, -86.7788, -5.26966, -67.3481
66.6361, -87.4069, -5.30825, -67.8375
67.114, -88.0349, -5.34684, -68.3269
67.5919, -88.6629, -5.38542, -68.8162
68.0697, -89.2909, -5.42401, -69.3056
68.5476, -89.919, -5.4626, -69.7949
69.0255, -90.547, -5.50118, -70.2843
69.5033, -91.175, -5.53977, -70.7736
69.9812, -91.803, -5.57836, -71.263
70.459, -92.431, -5.61694, -71.7523
70.9369, -93.059, -5.65553, -72.2417
71.4147, -93.687, -5.69412, -72.731
71.8926, -94.315, -5.7327, -73.2204
72.3704, -94.9429, -5.77129, -73.7097
72.8483, -95.5709, -5.80987, -74.1991
73.3261, -96.1989, -5.84846, -74.6884
73.8039, -96.8269, -5.88704, -75.1778
74.2818, -97.4549, -5.92563, -75.6671
74.7596, -98.0828, -5.96421, -76.1564
75.2374, -98.7108, -6.0028, -76.6458
75.7152, -99.3388, -6.04138, -77.1351
76.193, -99.9667, -6.07997, -77.6244
76.6709, -100.595, -6.11855, -78.1138
77.1487, -101.223, -6.15714, -78.6031
77.6265, -101.851, -6.19572, -79.0924
78.1043, -102.479, -6.23431, -79.5818
78.5821, -103.106, -6.27289, -80.0711
79.0599, -103.734, -6.31148, -80.5604
79.5377, -104.362, -6.35006, -81.0497
80.0155, -104.99, -6.38865, -81.5391
80.4933, -105.618, -6.42723, -82.0284
80.9711, -106.246, -6.46581, -82.5177
81.4489, -106.874, -6.5044, -83.007
81.9267, -107.502, -6.54298, -83.4964
82.4045, -108.13, -6.58157, -83.9857
82.8823, -108.758, -6.62015, -84.475
83.3601, -109.386, -6.65873, -84.9643
83.8379, -110.014, -6.69732, -85.4536
84.3156, -110.642, -6.7359, -85.9429
84.7934, -111.269, -6.77448, -86.4323
85.2712, -111.897, -6.81307, -86.9216
85.749, -112.525, -6.85165, -87.4109
86.2267, -113.153, -6.89023, -87.9002
86.7045, -113.781, -6.92882, -88.3895
87.1823, -114.409, -6.9674, -88.8788
87.6601, -115.037, -7.00598, -89.3681
88.1378, -115.665, -7.04456, -89.8574
88.6156, -116.293, -7.08315, -90.3467
89.0933, -116.92, -7.12173, -90.836
89.5711, -117.548, -7.16031, -91.3253
90.0489, -118.176, -7.19889, -91.8146
90.5266, -118.804, -7.23748, -92.3039
91.0044, -119.432, -7.27606, -92.7932
91.4821, -120.06, -7.31464, -93.2825
91.9599, -120.688, -7.35322, -93.7718
92.4376, -121.316, -7.39181, -94.2611
92.9154, -121.943, -7.43039, -94.7504
93.3931, -122.571, -7.46897, -95.2397
93.8709, -123.199, -7.50755, -95.729
94.3486, -123.827, -7.54613, -96.2183
94.8264, -124.455, -7.58472, -96.7076
95.3041, -125.083, -7.6233, -97.1969
95.7818, -125.711, -7.66188, -97.6862
96.2596, -126.338, -7.70046, -98.1755
96.7373, -126.966, -7.73904, -98.6648
97.2151, -127.594, -7.77762, -99.1541
97.6928, -128.222, -7.81621, -99.6434
98.1705, -128.85, -7.85479, -100.133
98.6483, -129.478, -7.89337, -100.622
99.126, -130.106, -7.93195, -101.111
99.6037, -130.733, -7.97053, -101.601
100.081, -131.361, -8.00911, -102.09
100.559, -131.989, -8.04769, -102.579
101.037, -132.617, -8.08627, -103.068
101.515, -133.245, -8.12486, -103.558
101.992, -133.873, -8.16344, -104.047
102.47, -134.5, -8.20202, -104.536
102.948, -135.128, -8.2406, -105.026
103.425, -135.756, -8.27918, -105.515
103.903, -136.384, -8.31776, -106.004
104.381, -137.012, -8.35634, -106.493
104.859, -137.639, -8.39492, -106.983
105.336, -138.267, -8.4335, -107.472
105.814, -138.895, -8.47208, -107.961
106.292, -139.523, -8.51066, -108.45
106.769, -140.151, -8.54924, -108.94
107.247, -140.779, -8.58782, -109.429
107.725, -141.406, -8.6264, -109.918
108.203, -142.034, -8.66498, -110.408
108.68, -142.662, -8.70356, -110.897
109.158, -143.29, -8.74215, -111.386
109.636, -143.918, -8.78073, -111.875
110.113, -144.545, -8.81931, -112.365
110.591, -145.173, -8.85789, -112.854
111.069, -145.801, -8.89647, -113.343
111.546, -146.429, -8.93505, -113.832
112.024, -147.057, -8.97363, -114.322
112.502, -147.684, -9.01221, -114.811
112.98, -148.312, -9.05078, -115.3
113.457, -148.94, -9.08936, -115.79
113.935, -149.568, -9.12794, -116.279
114.413, -150.195, -9.16652, -116.768
114.89, -150.823, -9.2051, -117.257
115.368, -151.451, -9.24368, -117.747
115.846, -152.079, -9.28226, -118.236
116.323, -152.707, -9.32084, -118.725
116.801, -153.334, -9.35942, -119.214
117.279, -153.962, -9.398, -119.704
117.756, -154.59, -9.43658, -120.193
118.234, -155.218, -9.47516, -120.682
118.712, -155.845, -9.51374, -121.171
119.189, -156.473, -9.55232, -121.661
119.667, -157.101, -9.5909, -122.15
120.145, -157.729, -9.62948, -122.639
120.622, -158.357, -9.66806, -123.128
121.1, -158.984, -9.70664, -123.618
121.578, -159.612, -9.74521, -124.107
122.055, -160.24, -9.78379, -124.596
122.533, -160.868, -9.82237, -125.086
123.011, -161.495, -9.86095, -125.575
123.488, -162.123, -9.89953, -126.064
123.966, -162.751, -9.93811, -126.553
124.444, -163.379, -9.97669, -127.043
124.921, -164.006, -10.0153, -127.532
125.399, -164.634, -10.0538, -128.021
125.877, -165.262, -10.0924, -128.51
126.354, -165.89, -10.131, -129
126.832, -166.517, -10.1696, -129.489
127.31, -167.145, -10.2082, -129.978
127.787, -167.773, -10.2467, -130.467
128.265, -168.401, -10.2853, -130.957
128.743, -169.028, -10.3239, -131.446
129.22, -169.656, -10.3625, -131.935
129.698, -170.284, -10.4011, -132.424
130.176, -170.912, -10.4396, -132.914
130.653, -171.539, -10.4782, -133.403
131.131, -172.167, -10.5168, -133.892
131.609, -172.795, -10.5554, -134.381
132.086, -173.423, -10.5939, -134.871
132.564, -174.05, -10.6325, -135.36
133.042, -174.678, -10.6711, -135.849
133.519, -175.306, -10.7097, -136.338
133.997, -175.934, -10.7483, -136.828
134.475, -176.561, -10.7868, -137.317
134.952, -177.189, -10.8254, -137.806
135.43, -177.817, -10.864, -138.295
135.908, -178.445, -10.9026, -138.785
136.385, -179.072, -10.9411, -139.274
136.863, -179.7, -10.9797, -139.763
137.341, -180.328, -11.0183, -140.252
137.818, -180.955, -11.0569, -140.742
138.296, -181.583, -11.0955, -141.231
138.773, -182.211, -11.134, -141.72
139.251, -182.839, -11.1726, -142.209
139.729, -183.466, -11.2112, -142.699
140.206, -184.094, -11.2498, -143.188
140.684, -184.722, -11.2883, -143.677
141.162, -185.35, -11.3269, -144.166
141.639, -185.977, -11.3655, -144.655
142.117, -186.605, -11.4041, -145.145
142.595, -187.233, -11.4427, -145.634
143.072, -187.86, -11.4812, -146.123
143.55, -188.488, -11.5198, -146.612
144.027, -189.116, -11.5584, -147.102
144.505, -189.744, -11.597, -147.591
144.983, -190.371, -11.6355, -148.08
145.46, -190.999, -11.6741, -148.569
145.938, -191.627, -11.7127, -149.059
146.416, -192.254, -11.7513, -149.548
146.893, -192.882, -11.7899, -150.037
147.371, -193.51, -11.8284, -150.526
147.849, -194.138, -11.867, -151.016
148.326, -194.765, -11.9056, -151.505
148.804, -195.393, -11.9442, -151.994
149.281, -196.021, -11.9827, -152.483
149.759, -196.648, -12.0213, -152.973
150.237, -197.276, -12.0599, -153.462
150.714, -197.904, -12.0985, -153.951
151.192, -198.531, -12.1371, -154.44
151.67, -199.159, -12.1756, -154.929
152.147, -199.787, -12.2142, -155.419
152.625, -200.415, -12.2528, -155.908
153.102, -201.042, -12.2914, -156.397
153.58, -201.67, -12.3299, -156.886
154.058, -202.298, -12.3685, -157.376
154.535, -202.925, -12.4071, -157.865
155.013, -203.553, -12.4457, -158.354
155.49, -204.181, -12.4842, -158.843
155.968, -204.808, -12.5228, -159.333
156.446, -205.436, -12.5614, -159.822
156.923, -206.064, -12.6, -160.311
157.401, -206.691, -12.6386, -160.8
157.879, -207.319, -12.6771, -161.289
158.356, -207.947, -12.7157, -161.779
158.834, -208.575, -12.7543, -162.268
159.311, -209.202, -12.7929, -162.757
159.789, -209.83, -12.8314, -163.246
160.267, -210.458, -12.87, -163.736
160.744, -211.085, -12.9086, -164.225
161.222, -211.713, -12.9472, -164.714
161.699, -212.341, -12.9857, -165.203
162.177, -212.968, -13.0243, -165.693
162.655, -213.596, -13.0629, -166.182
163.132, -214.224, -13.1015, -166.671
163.61, -214.851, -13.14, -167.16
164.088, -215.479, -13.1786, -167.649
164.565, -216.107, -13.2172, -168.139
165.043, -216.734, -13.2558, -168.628
165.52, -217.362, -13.2944, -169.117
165.998, -217.99, -13.3329, -169.606
166.476, -218.618, -13.3715, -170.096
166.953, -219.245, -13.4101, -170.585
167.431, -219.873, -13.4487, -171.074
167.908, -220.501, -13.4872, -171.563
168.386, -221.128, -13.5258, -172.052
168.864, -221.756, -13.5644, -172.542
169.341, -222.384, -13.603, -173.031
169.819, -223.011, -13.6415, -173.52
170.296, -223.639, -13.6801, -174.009
170.774, -224.267, -13.7187, -174.499
171.252, -224.894, -13.7573, -174.988
171.729, -225.522, -13.7958, -175.477
172.207, -226.15, -13.8344, -175.966
172.684, -226.777, -13.873, -176.455
173.162, -227.405, -13.9116, -176.945
173.64, -228.033, -13.9502, -177.434
174.117, -228.66, -13.9887, -177.923
174.595, -229.288, -14.0273, -178.412
175.072, -229.916, -14.0659, -178.902
175.55, -230.543, -14.1045, -179.391
176.028, -231.171, -14.143, -179.88
176.505, -231.799, -14.1816, -180.369
176.983, -232.426, -14.2202, -180.858
177.46, -233.054, -14.2588, -181.348
177.938, -233.682, -14.2973, -181.837
178.416, -234.309, -14.3359, -182.326
178.893, -234.937, -14.3745, -182.815
179.371, -235.565, -14.4131, -183.305
179.848, -236.192, -14.4516, -183.794
180.326, -236.82, -14.4902, -184.283
180.804, -237.448, -14.5288, -184.772
181.281, -238.075, -14.5674, -185.261
181.759, -238.703, -14.6059, -185.751
182.236, -239.331, -14.6445, -186.24
182.714, -239.958, -14.6831, -186.729
183.191, -240.586, -14.7217, -187.218
183.669, -241.214, -14.7602, -187.707
184.147, -241.841, -14.7988, -188.197
184.624, -242.469, -14.8374, -188.686
185.102, -243.096, -14.876, -189.175
185.579, -243.724, -14.9145, -189.664
186.057, -244.352, -14.9531, -190.154
186.535, -244.979, -14.9917, -190.643
187.012, -245.607, -15.0303, -191.132
187.49, -246.235, -15.0688, -191.621
187.967, -246.862, -15.1074, -192.11
188.445, -247.49, -15.146, -192.6
188.923, -248.118, -15.1846, -193.089
189.4, -248.745, -15.2232, -193.578
189.878, -249.373, -15.2617, -194.067
190.355, -250.001, -15.3003, -194.556
190.833, -250.628, -15.3389, -195.046
191.31, -251.256, -15.3775, -195.535
191.788, -251.884, -15.416, -196.024
192.266, -252.511, -15.4546, -196.513
192.743, -253.139, -15.4932, -197.003
193.221, -253.767, -15.5318, -197.492
193.698, -254.394, -15.5703, -197.981
194.176, -255.022, -15.6089, -198.47
194.654, -255.649, -15.6475, -198.959
195.131, -256.277, -15.6861, -199.449
195.609, -256.905, -15.7246, -199.938
196.086, -257.532, -15.7632, -200.427
196.564, -258.16, -15.8018, -200.916
197.041, -258.788, -15.8404, -201.405
197.519, -259.415, -15.8789, -201.895
197.997, -260.043, -15.9175, -202.384
198.474, -260.671, -15.9561, -202.873
198.952, -261.298, -15.9947, -203.362
199.429, -261.926, -16.0332, -203.852
199.907, -262.553, -16.0718, -204.341
200.384, -263.181, -16.1104, -204.83
200.862, -263.809, -16.149, -205.319
201.34, -264.436, -16.1875, -205.808
201.817, -265.064, -16.2261, -206.298
202.295, -265.692, -16.2647, -206.787
202.772, -266.319, -16.3033, -207.276
203.25, -266.947, -16.3418, -207.765
203.727, -267.575, -16.3804, -208.254
204.205, -268.202, -16.419, -208.744
204.683, -268.83, -16.4576, -209.233
205.16, -269.457, -16.4961, -209.722
205.638, -270.085, -16.5347, -210.211
206.115, -270.713, -16.5733, -210.7
206.593, -271.34, -16.6119, -211.19
207.07, -271.968, -16.6504, -211.679
207.548, -272.596, -16.689, -212.168
208.026, -273.223, -16.7276, -212.657
208.503, -273.851, -16.7662, -213.146
208.981, -274.479, -16.8047, -213.636
209.458, -275.106, -16.8433, -214.125
209.936, -275.734, -16.8819, -214.614
210.413, -276.361, -16.9205, -215.103
210.891, -276.989, -16.959, -215.592
211.369, -277.617, -16.9976, -216.082
211.846, -278.244, -17.0362, -216.571
212.324, -278.872, -17.0748, -217.06
212.801, -279.5, -17.1133, -217.549
213.279, -280.127, -17.1519, -218.039
213.756, -280.755, -17.1905, -218.528
214.234, -281.382, -17.2291, -219.017
214.712, -282.01, -17.2676, -219.506
215.189, -282.638, -17.3062, -219.995
215.667, -283.265, -17.3448, -220.485
216.144, -283.893, -17.3834, -220.974
216.622, -284.521, -17.4219, -221.463
217.099, -285.148, -17.4605, -221.952
217.577, -285.776, -17.4991, -222.441
218.055, -286.403, -17.5377, -222.931
218.532, -287.031, -17.5762, -223.42
219.01, -287.659, -17.6148, -223.909
219.487, -288.286, -17.6534, -224.398
219.965, -288.914, -17.692, -224.887
220.442, -289.542, -17.7305, -225.377
220.92, -290.169, -17.7691, -225.866
221.397, -290.797, -17.8077, -226.355
221.875, -291.424, -17.8463, -226.844
222.353, -292.052, -17.8848, -227.333
222.83, -292.68, -17.9234, -227.823
223.308, -293.307, -17.962, -228.312
223.785, -293.935, -18.0006, -228.801
224.263, -294.563, -18.0391, -229.29
224.74, -295.19, -18.0777, -229.779
225.218, -295.818, -18.1163, -230.269
225.696, -296.445, -18.1548, -230.758
226.173, -297.073, -18.1934, -231.247
226.651, -297.701, -18.232, -231.736
227.128, -298.328, -18.2706, -232.225
227.606, -298.956, -18.3091, -232.715
228.083, -299.583, -18.3477, -233.204
228.561, -300.211, -18.3863, -233.693
229.038, -300.839, -18.4249, -234.182
229.516, -301.466, -18.4634, -234.671
229.994, -302.094, -18.502, -235.161
230.471, -302.721, -18.5406, -235.65
230.949, -303.349, -18.5792, -236.139
231.426, -303.977, -18.6177, -236.628
231.904, -304.604, -18.6563, -237.117
232.381, -305.232, -18.6949, -237.607
232.859, -305.86, -18.7335, -238.096
233.336, -306.487, -18.772, -238.585
233.814, -307.115, -18.8106, -239.074
234.292, -307.742, -18.8492, -239.563
234.769, -308.37, -18.8878, -240.053
235.247, -308.998, -18.9263, -240.542
235.724, -309.625, -18.9649, -241.031
236.202, -310.253, -19.0035, -241.52
236.679, -310.88, -19.0421, -242.009
237.157, -311.508, -19.0806, -242.499
237.634, -312.136, -19.1192, -242.988
238.112, -312.763, -19.1578, -243.477
238.589, -313.391, -19.1964, -243.966
239.067, -314.018, -19.2349, -244.455
239.545, -314.646, -19.2735, -244.945
240.022, -315.274, -19.3121, -245.434
240.5, -315.901, -19.3507, -245.923
240.977, -316.529, -19.3892, -246.412
241.455, -317.156, -19.4278, -246.901
241.932, -317.784, -19.4664, -247.391
242.41, -318.412, -19.505, -247.88
242.887, -319.039, -19.5435, -248.369
243.365, -319.667, -19.5821, -248.858
243.843, -320.295, -19.6207, -249.347
244.32, -320.922, -19.6592, -249.837
244.798, -321.55, -19.6978, -250.326
245.275, -322.177, -19.7364, -250.815
245.753, -322.805, -19.775, -251.304
246.23, -323.433, -19.8135, -251.793
246.708, -324.06, -19.8521, -252.282
247.185, -324.688, -19.8907, -252.772
247.663, -325.315, -19.9293, -253.261
248.14, -325.943, -19.9678, -253.75
248.618, -326.571, -20.0064, -254.239
249.096, -327.198, -20.045, -254.728
249.573, -327.826, -20.0836, -255.218
250.051, -328.453, -20.1221, -255.707
250.528, -329.081, -20.1607, -256.196
251.006, -329.709, -20.1993, -256.685
251.483, -330.336, -20.2379, -257.174
251.961, -330.964, -20.2764, -257.664
252.438, -331.591, -20.315, -258.153
252.916, -332.219, -20.3536, -258.642
253.393, -332.847, -20.3922, -259.131
253.871, -333.474, -20.4307, -259.62
254.349, -334.102, -20.4693, -260.11
254.826, -334.729, -20.5079, -260.599
255.304, -335.357, -20.5464, -261.088
255.781, -335.984, -20.585, -261.577
256.259, -336.612, -20.6236, -262.066
256.736, -337.24, -20.6622, -262.556
257.214, -337.867, -20.7007, -263.045
257.691, -338.495, -20.7393, -263.534
258.169, -339.122, -20.7779, -264.023
258.646, -339.75, -20.8165, -264.512
259.124, -340.378, -20.855, -265.002
259.602, -341.005, -20.8936, -265.491
260.079, -341.633, -20.9322, -265.98
260.557, -342.26, -20.9708, -266.469
261.034, -342.888, -21.0093, -266.958
261.512, -343.516, -21.0479, -267.447
261.989, -344.143, -21.0865, -267.937
262.467, -344.771, -21.1251, -268.426
262.944, -345.398, -21.1636, -268.915
263.422, -346.026, -21.2022, -269.404
263.899, -346.654, -21.2408, -269.893
264.377, -347.281, -21.2794, -270.383
264.854, -347.909, -21.3179, -270.872
265.332, -348.536, -21.3565, -271.361
265.81, -349.164, -21.3951, -271.85
266.287, -349.792, -21.4336, -272.339
266.765, -350.419, -21.4722, -272.829
267.242, -351.047, -21.5108, -273.318
267.72, -351.674, -21.5494, -273.807
268.197, -352.302, -21.5879, -274.296
268.675, -352.929, -21.6265, -274.785
269.152, -353.557, -21.6651, -275.275
269.63, -354.185, -21.7037, -275.764
270.107, -354.812, -21.7422, -276.253
270.585, -355.44, -21.7808, -276.742
271.062, -356.067, -21.8194, -277.231
271.54, -356.695, -21.858, -277.72
272.018, -357.323, -21.8965, -278.21
272.495, -357.95, -21.9351, -278.699
272.973, -358.578, -21.9737, -279.188
273.45, -359.205, -22.0122, -279.677
273.928, -359.833, -22.0508, -280.166
274.405, -360.461, -22.0894, -280.656
274.883, -361.088, -22.128, -281.145
275.36, -361.716, -22.1665, -281.634
275.838, -362.343, -22.2051, -282.123
276.315, -362.971, -22.2437, -282.612
276.793, -363.598, -22.2823, -283.102
277.27, -364.226, -22.3208, -283.591
277.748, -364.854, -22.3594, -284.08
278.226, -365.481, -22.398, -284.569
278.703, -366.109, -22.4366, -285.058
279.181, -366.736, -22.4751, -285.547
279.658, -367.364, -22.5137, -286.037
280.136, -367.992, -22.5523, -286.526
280.613, -368.619, -22.5909, -287.015
281.091, -369.247, -22.6294, -287.504
281.568, -369.874, -22.668, -287.993
282.046, -370.502, -22.7066, -288.483
282.523, -371.129, -22.7451, -288.972
283.001, -371.757, -22.7837, -289.461
283.478, -372.385, -22.8223, -289.95
283.956, -373.012, -22.8609, -290.439
284.433, -373.64, -22.8994, -290.929
284.911, -374.267, -22.938, -291.418
285.389, -374.895, -22.9766, -291.907
285.866, -375.522, -23.0152, -292.396
286.344, -376.15, -23.0537, -292.885
286.821, -376.778, -23.0923, -293.374
287.299, -377.405, -23.1309, -293.864
287.776, -378.033, -23.1695, -294.353
288.254, -378.66, -23.208, -294.842
288.731, -379.288, -23.2466, -295.331
289.209, -379.916, -23.2852, -295.82
289.686, -380.543, -23.3237, -296.31
290.164, -381.171, -23.3623, -296.799
290.641, -381.798, -23.4009, -297.288
291.119, -382.426, -23.4395, -297.777
291.596, -383.053, -23.478, -298.266
292.074, -383.681, -23.5166, -298.756
292.551, -384.309, -23.5552, -299.245
293.029, -384.936, -23.5938, -299.734
293.507, -385.564, -23.6323, -300.223
293.984, -386.191, -23.6709, -300.712
294.462, -386.819, -23.7095, -301.201
294.939, -387.446, -23.7481, -301.691
295.417, -388.074, -23.7866, -302.18
295.894, -388.702, -23.8252, -302.669
296.372, -389.329, -23.8638, -303.158
296.849, -389.957, -23.9023, -303.647
297.327, -390.584, -23.9409, -304.137
297.804, -391.212, -23.9795, -304.626
298.282, -391.839, -24.0181, -305.115
298.759, -392.467, -24.0566, -305.604
299.237, -393.095, -24.0952, -306.093
299.714, -393.722, -24.1338, -306.582
300.192, -394.35, -24.1724, -307.072
300.669, -394.977, -24.2109, -307.561
301.147, -395.605, -24.2495, -308.05
301.624, -396.232, -24.2881, -308.539
302.102, -396.86, -24.3267, -309.028
302.58, -397.488, -24.3652, -309.518
303.057, -398.115, -24.4038, -310.007
303.535, -398.743, -24.4424, -310.496
304.012, -399.37, -24.4809, -310.985
304.49, -399.998, -24.5195, -311.474
304.967, -400.625, -24.5581, -311.963
305.445, -401.253, -24.5967, -312.453
305.922, -401.881, -24.6352, -312.942
306.4, -402.508, -24.6738, -313.431
306.877, -403.136, -24.7124, -313.92
307.355, -403.763, -24.751, -314.409
307.832, -404.391, -24.7895, -314.899
308.31, -405.018, -24.8281, -315.388
308.787, -405.646, -24.8667, -315.877
309.265, -406.274, -24.9052, -316.366
309.742, -406.901, -24.9438, -316.855
310.22, -407.529, -24.9824, -317.345
310.697, -408.156, -25.021, -317.834
311.175, -408.784, -25.0595, -318.323
311.652, -409.411, -25.0981, -318.812
312.13, -410.039, -25.1367, -319.301
312.608, -410.667, -25.1753, -319.79
313.085, -411.294, -25.2138, -320.28
313.563, -411.922, -25.2524, -320.769
314.04, -412.549, -25.291, -321.258
314.518, -413.177, -25.3295, -321.747
314.995, -413.804, -25.3681, -322.236
315.473, -414.432, -25.4067, -322.726
315.95, -415.06, -25.4453, -323.215
316.428, -415.687, -25.4838, -323.704
316.905, -416.315, -25.5224, -324.193
317.383, -416.942, -25.561, -324.682
317.86, -417.57, -25.5996, -325.171
318.338, -418.197, -25.6381, -325.661
318.815, -418.825, -25.6767, -326.15
319.293, -419.453, -25.7153, -326.639
319.77, -420.08, -25.7539, -327.128
320.248, -420.708, -25.7924, -327.617
320.725, -421.335, -25.831, -328.106
321.203, -421.963, -25.8696, -328.596
321.68, -422.59, -25.9081, -329.085
322.158, -423.218, -25.9467, -329.574
322.635, -423.845, -25.9853, -330.063
323.113, -424.473, -26.0239, -330.552
323.59, -425.101, -26.0624, -331.042
324.068, -425.728, -26.101, -331.531
324.546, -426.356, -26.1396, -332.02
325.023, -426.983, -26.1782, -332.509
325.501, -427.611, -26.2167, -332.998
325.978, -428.238, -26.2553, -333.487
326.456, -428.866, -26.2939, -333.977
326.933, -429.494, -26.3324, -334.466
327.411, -430.121, -26.371, -334.955
327.888, -430.749, -26.4096, -335.444
328.366, -431.376, -26.4482, -335.933
328.843, -432.004, -26.4867, -336.423
329.321, -432.631, -26.5253, -336.912
329.798, -433.259, -26.5639, -337.401
330.276, -433.886, -26.6025, -337.89
330.753, -434.514, -26.641, -338.379
331.231, -435.142, -26.6796, -338.868
331.708, -435.769, -26.7182, -339.358
332.186, -436.397, -26.7567, -339.847
332.663, -437.024, -26.7953, -340.336
333.141, -437.652, -26.8339, -340.825
333.618, -438.279, -26.8725, -341.314
334.096, -438.907, -26.911, -341.804
334.573, -439.535, -26.9496, -342.293
335.051, -440.162, -26.9882, -342.782
335.528, -440.79, -27.0268, -343.271
336.006, -441.417, -27.0653, -343.76
336.483, -442.045, -27.1039, -344.249
336.961, -442.672, -27.1425, -344.739
337.438, -443.3, -27.181, -345.228
337.916, -443.927, -27.2196, -345.717
338.394, -444.555, -27.2582, -346.206
338.871, -445.183, -27.2968, -346.695
339.349, -445.81, -27.3353, -347.184
339.826, -446.438, -27.3739, -347.674
340.304, -447.065, -27.4125, -348.163
340.781, -447.693, -27.4511, -348.652
341.259, -448.32, -27.4896, -349.141
341.736, -448.948, -27.5282, -349.63
342.214, -449.575, -27.5668, -350.12
342.691, -450.203, -27.6053, -350.609
343.169, -450.831, -27.6439, -351.098
343.646, -451.458, -27.6825, -351.587
344.124, -452.086, -27.7211, -352.076
344.601, -452.713, -27.7596, -352.565
345.079, -453.341, -27.7982, -353.055
345.556, -453.968, -27.8368, -353.544
346.034, -454.596, -27.8754, -354.033
346.511, -455.223, -27.9139, -354.522
346.989, -455.851, -27.9525, -355.011
347.466, -456.479, -27.9911, -355.501
347.944, -457.106, -28.0296, -355.99
348.421, -457.734, -28.0682, -356.479
348.899, -458.361, -28.1068, -356.968
349.376, -458.989, -28.1454, -357.457
349.854, -459.616, -28.1839, -357.946
350.331, -460.244, -28.2225, -358.436
350.809, -460.871, -28.2611, -358.925
351.286, -461.499, -28.2997, -359.414
351.764, -462.127, -28.3382, -359.903
352.241, -462.754, -28.3768, -360.392
352.719, -463.382, -28.4154, -360.881
353.196, -464.009, -28.4539, -361.371
353.674, -464.637, -28.4925, -361.86
354.151, -465.264, -28.5311, -362.349
354.629, -465.892, -28.5697, -362.838
355.106, -466.519, -28.6082, -363.327
355.584, -467.147, -28.6468, -363.817
356.061, -467.775, -28.6854, -364.306
356.539, -468.402, -28.724, -364.795
357.017, -469.03, -28.7625, -365.284
357.494, -469.657, -28.8011, -365.773
357.972, -470.285, -28.8397, -366.262
358.449, -470.912, -28.8782, -366.752
358.927, -471.54, -28.9168, -367.241
359.404, -472.167, -28.9554, -367.73
359.882, -472.795, -28.994, -368.219
360.359, -473.423, -29.0325, -368.708
360.837, -474.05, -29.0711, -369.197
361.314, -474.678, -29.1097, -369.687
361.792, -475.305, -29.1482, -370.176
362.269, -475.933, -29.1868, -370.665
362.747, -476.56, -29.2254, -371.154
363.224, -477.188, -29.264, -371.643
363.702, -477.815, -29.3025, -372.132
364.179, -478.443, -29.3411, -372.622
364.657, -479.07, -29.3797, -373.111
365.134, -479.698, -29.4183, -373.6
365.612, -480.326, -29.4568, -374.089
366.089, -480.953, -29.4954, -374.578
366.567, -481.581, -29.534, -375.068
367.044, -482.208, -29.5725, -375.557
367.522, -482.836, -29.6111, -376.046
367.999, -483.463, -29.6497, -376.535
368.477, -484.091, -29.6883, -377.024
368.954, -484.718, -29.7268, -377.513
369.432, -485.346, -29.7654, -378.003
369.909, -485.974, -29.804, -378.492
370.387, -486.601, -29.8426, -378.981
370.864, -487.229, -29.8811, -379.47
371.342, -487.856, -29.9197, -379.959
371.819, -488.484, -29.9583, -380.448
372.297, -489.111, -29.9968, -380.938
372.774, -489.739, -30.0354, -381.427
373.252, -490.366, -30.074, -381.916
373.729, -490.994, -30.1126, -382.405
374.207, -491.621, -30.1511, -382.894
374.684, -492.249, -30.1897, -383.383
375.162, -492.877, -30.2283, -383.873
375.639, -493.504, -30.2669, -384.362
376.117, -494.132, -30.3054, -384.851
376.594, -494.759, -30.344, -385.34
377.072, -495.387, -30.3826, -385.829
377.549, -496.014, -30.4211, -386.319
378.027, -496.642, -30.4597, -386.808
378.504, -497.269, -30.4983, -387.297
378.982, -497.897, -30.5369, -387.786
379.459, -498.524, -30.5754, -388.275
379.937, -499.152, -30.614, -388.764
380.414, -499.78, -30.6526, -389.254
380.892, -500.407, -30.6911, -389.743
381.369, -501.035, -30.7297, -390.232
381.847, -501.662, -30.7683, -390.721
382.324, -502.29, -30.8069, -391.21
382.802, -502.917, -30.8454, -391.699
383.279, -503.545, -30.884, -392.189
383.757, -504.172, -30.9226, -392.678
384.234, -504.8, -30.9612, -393.167
384.712, -505.427, -30.9997, -393.656
385.189, -506.055, -31.0383, -394.145
385.667, -506.683, -31.0769, -394.634
386.144, -507.31, -31.1154, -395.124
386.622, -507.938, -31.154, -395.613
387.099, -508.565, -31.1926, -396.102
387.577, -509.193, -31.2312, -396.591
388.054, -509.82, -31.2697, -397.08
388.532, -510.448, -31.3083, -397.57
389.009, -511.075, -31.3469, -398.059
389.487, -511.703, -31.3854, -398.548
389.964, -512.33, -31.424, -399.037
390.442, -512.958, -31.4626, -399.526
390.919, -513.585, -31.5012, -400.015
391.397, -514.213, -31.5397, -400.505
391.874, -514.841, -31.5783, -400.994
392.352, -515.468, -31.6169, -401.483
392.829, -516.096, -31.6555, -401.972
393.307, -516.723, -31.694, -402.461
393.784, -517.351, -31.7326, -402.95
394.262, -517.978, -31.7712, -403.44
394.739, -518.606, -31.8097, -403.929
395.217, -519.233, -31.8483, -404.418
395.694, -519.861, -31.8869, -404.907
396.172, -520.488, -31.9255, -405.396
396.649, -521.116, -31.964, -405.885
397.127, -521.744, -32.0026, -406.375
397.604, -522.371, -32.0412, -406.864
398.082, -522.999, -32.0797, -407.353
398.56, -523.626, -32.1183, -407.842
399.037, -524.254, -32.1569, -408.331
399.515, -524.881, -32.1955, -408.82
399.992, -525.509, -32.234, -409.31
400.47, -526.136, -32.2726, -409.799
400.947, -526.764, -32.3112, -410.288
401.425, -527.391, -32.3498, -410.777
401.902, -528.019, -32.3883, -411.266
402.38, -528.646, -32.4269, -411.755
402.857, -529.274, -32.4655, -412.245
403.335, -529.902, -32.504, -412.734
403.812, -530.529, -32.5426, -413.223
404.29, -531.157, -32.5812, -413.712
404.767, -531.784, -32.6198, -414.201
405.245, -532.412, -32.6583, -414.691
405.722, -533.039, -32.6969, -415.18
406.2, -533.667, -32.7355, -415.669
406.677, -534.294, -32.774, -416.158
407.155, -534.922, -32.8126, -416.647
407.632, -535.549, -32.8512, -417.136
408.11, -536.177, -32.8898, -417.626
408.587, -536.804, -32.9283, -418.115
409.065, -537.432, -32.9669, -418.604
409.542, -538.06, -33.0055, -419.093
410.02, -538.687, -33.0441, -419.582
410.497, -539.315, -33.0826, -420.071
410.975, -539.942, -33.1212, -420.561
411.452, -540.57, -33.1598, -421.05
411.93, -541.197, -33.1983, -421.539
412.407, -541.825, -33.2369, -422.028
412.885, -542.452, -33.2755, -422.517
413.362, -543.08, -33.3141, -423.006
413.84, -543.707, -33.3526, -423.496
414.317, -544.335, -33.3912, -423.985
414.795, -544.962, -33.4298, -424.474
415.272, -545.59, -33.4683, -424.963
415.749, -546.218, -33.5069, -425.452
416.227, -546.845, -33.5455, -425.941
416.704, -547.473, -33.5841, -426.431
417.182, -548.1, -33.6226, -426.92
417.659, -548.728, -33.6612, -427.409
418.137, -549.355, -33.6998, -427.898
418.614, -549.983, -33.7383, -428.387
419.092, -550.61, -33.7769, -428.876
419.569, -551.238, -33.8155, -429.366
420.047, -551.865, -33.8541, -429.855
420.524, -552.493, -33.8926, -430.344
421.002, -553.12, -33.9312, -430.833
421.479, -553.748, -33.9698, -431.322
421.957, -554.376, -34.0084, -431.811
422.434, -555.003, -34.0469, -432.301
422.912, -555.631, -34.0855, -432.79
423.389, -556.258, -34.1241, -433.279
423.867, -556.886, -34.1626, -433.768
424.344, -557.513, -34.2012, -434.257
424.822, -558.141, -34.2398, -434.746
425.299, -558.768, -34.2784, -435.236
425.777, -559.396, -34.3169, -435.725
425.697, -559.396, -34.2769, -435.725
425.617, -559.396, -34.2369, -435.725
425.537, -559.396, -34.1969, -435.725
425.457, -559.396, -34.1569, -435.725
425.377, -559.396, -34.1169, -435.725
425.297, -559.396, -34.0769, -435.725
425.217, -559.396, -34.0369, -435.725
425.137, -559.396, -33.9969, -435.725
425.057, -559.396, -33.9569, -435.725
424.977, -559.396, -33.9169, -435.725
424.897, -559.396, -33.8769, -435.725
424.817, -559.396, -33.8369, -435.725
424.737, -559.396, -33.7969, -435.725
424.657, -559.396, -33.7569, -435.725
424.577, -559.396, -33.7169, -435.725
424.497, -559.396, -33.6769, -435.725
424.417, -559.396, -33.6369, -435.725
424.337, -559.396, -33.5969, -435.725
424.257, -559.396, -33.5569, -435.725
424.177, -559.396, -33.5169, -435.725
424.097, -559.396, -33.4769, -435.725
424.017, -559.396, -33.4369, -435.725
423.937, -559.396, -33.3969, -435.725
423.857, -559.396, -33.3569, -435.725
423.777, -559.396, -33.3169, -435.725
423.697, -559.396, -33.2769, -435.725
423.617, -559.396, -33.2369, -435.725
423.537, -559.396, -33.1969, -435.725
423.457, -559.396, -33.1569, -435.725
423.377, -559.396, -33.1169, -435.725
423.297, -559.396, -33.0769, -435.725
423.217, -559.396, -33.0369, -435.725
423.137, -559.396, -32.9969, -435.725
423.057, -559.396, -32.9569, -435.725
422.977, -559.396, -32.9169, -435.725
422.897, -559.396, -32.8769, -435.725
422.817, -559.396, -32.8369, -435.725
422.737, -559.396, -32.7969, -435.725
422.657, -559.396, -32.7569, -435.725
422.577, -559.396, -32.7169, -435.725
422.497, -559.396, -32.6769, -435.725
422.417, -559.396, -32.6369, -435.725
422.337, -559.396, -32.5969, -435.725
422.257, -559.396, -32.5569, -435.725
422.177, -559.396, -32.5169, -435.725
422.097, -559.396, -32.4769, -435.725
422.017, -559.396, -32.4369, -435.725
421.937, -559.396, -32.3969, -435.725
421.857, -559.396, -32.3569, -435.725
421.777, -559.396, -32.3169, -435.725
421.697, -559.396, -32.2769, -435.725
421.617, -559.396, -32.2369, -435.725
421.537, -559.396, -32.1969, -435.725
421.457, -559.396, -32.1569, -435.725
421.377, -559.396, -32.1169, -435.725
421.297, -559.396, -32.0769, -435.725
421.217, -559.396, -32.0369, -435.725
421.137, -559.396, -31.9969, -435.725
421.057, -559.396, -31.9569, -435.725
420.977, -559.396, -31.9169, -435.725
420.897, -559.396, -31.8769, -435.725
420.817, -559.396, -31.8369, -435.725
420.737, -559.396, -31.7969, -435.725
420.657, -559.396, -31.7569, -435.725
420.577, -559.396, -31.7169, -435.725
420.497, -559.396, -31.6769, -435.725
420.417, -559.396, -31.6369, -435.725
420.337, -559.396, -31.5969, -435.725
420.257, -559.396, -31.5569, -435.725
420.177, -559.396, -31.5169, -435.725
420.097, -559.396, -31.4769, -435.725
420.017, -559.396, -31.4369, -435.725
419.937, -559.396, -31.3969, -435.725
419.857, -559.396, -31.3569, -435.725
419.777, -559.396, -31.3169, -435.725
419.697, -559.395, -31.2769, -435.725
419.617, -559.395, -31.2369, -435.725
419.537, -559.395, -31.1969, -435.725
419.457, -559.395, -31.1569, -435.725
419.377, -559.395, -31.1169, -435.725
419.297, -559.395, -31.0769, -435.725
419.217, -559.395, -31.0369, -435.725
419.137, -559.395, -30.9969, -435.725
419.057, -559.395, -30.9569, -435.725
418.977, -559.395, -30.9169, -435.725
418.897, -559.395, -30.8769, -435.725
418.817, -559.395, -30.8369, -435.725
418.737, -559.395, -30.7969, -435.725
418.657, -559.395, -30.7569, -435.725
418.577, -559.395, -30.7169, -435.725
418.497, -559.395, -30.6769, -435.725
418.417, -559.395, -30.6369, -435.725
418.337, -559.395, -30.5969, -435.725
418.257, -559.395, -30.5569, -435.725
418.177, -559.395, -30.5169, -435.725
418.097, -559.395, -30.4769, -435.725
418.017, -559.395, -30.4369, -435.725
417.937, -559.395, -30.3969, -435.725
417.857, -559.395, -30.3569, -435.725
417.777, -559.395, -30.3169, -435.725
417.697, -559.395, -30.2769, -435.725
417.617, -559.395, -30.2369, -435.725
417.537, -559.395, -30.1969, -435.725
417.457, -559.395, -30.1569, -435.725
417.377, -559.395, -30.1169, -435.725
417.296, -559.395, -30.0769, -435.725
417.216, -559.395, -30.0369, -435.725
417.136, -559.395, -29.9969, -435.725
417.056, -559.395, -29.9569, -435.725
416.976, -559.395, -29.9169, -435.725
416.896, -559.395, -29.8769, -435.725
416.816, -559.395, -29.8369, -435.725
416.736, -559.395, -29.7969, -435.725
416.656, -559.395, -29.7569, -435.725
416.576, -559.395, -29.7169, -435.725
416.496, -559.395, -29.6769, -435.725
416.416, -559.395, -29.6369, -435.725
416.336, -559.395, -29.5969, -435.725
416.256, -559.395, -29.5569, -435.725
416.176, -559.395, -29.5169, -435.725
416.096, -559.395, -29.4769, -435.725
416.016, -559.395, -29.4369, -435.725
415.936, -559.395, -29.3969, -435.725
415.856, -559.395, -29.3569, -435.724
415.776, -559.395, -29.3169, -435.724
415.696, -559.395, -29.2769, -435.724
415.616, -559.395, -29.2369, -435.724
415.536, -559.395, -29.1969, -435.724
415.456, -559.395, -29.1569, -435.724
415.376, -559.395, -29.1169, -435.724
415.296, -559.395, -29.0769, -435.724
415.216, -559.395, -29.0369, -435.724
415.136, -559.395, -28.9969, -435.724
415.056, -559.395, -28.9569, -435.724
414.976, -559.395, -28.9169, -435.724
414.896, -559.395, -28.8769, -435.724
414.816, -559.395, -28.8369, -435.724
414.736, -559.395, -28.7969, -435.724
414.656, -559.395, -28.7569, -435.724
414.576, -559.395, -28.7169, -435.724
414.496, -559.395, -28.6769, -435.724
414.416, -559.395, -28.6369, -435.724
414.336, -559.395, -28.5969, -435.724
414.256, -559.395, -28.5569, -435.724
414.176, -559.395, -28.5169, -435.724
414.096, -559.395, -28.4769, -435.724
414.016, -559.395, -28.4369, -435.724
413.936, -559.395, -28.3969, -435.724
413.856, -559.395, -28.3569, -435.724
413.776, -559.395, -28.3169, -435.724
413.696, -559.395, -28.2769, -435.724
413.616, -559.395, -28.2369, -435.724
413.536, -559.395, -28.1969, -435.724
413.456, -559.395, -28.1569, -435.724
413.376, -559.395, -28.1169, -435.724
413.296, -559.394, -28.0769, -435.724
413.216, -559.394, -28.0369, -435.724
413.136, -559.394, -27.9969, -435.724
413.056, -559.394, -27.9569, -435.724
412.976, -559.394, -27.9169, -435.724
412.896, -559.394, -27.8769, -435.724
412.816, -559.394, -27.8369, -435.724
412.736, -559.394, -27.7969, -435.724
412.656, -559.394, -27.7569, -435.724
412.576, -559.394, -27.7169, -435.724
412.496, -559.394, -27.6769, -435.724
412.416, -559.394, -27.6369, -435.724
412.336, -559.394, -27.5969, -435.724
412.256, -559.394, -27.5569, -435.724
412.176, -559.394, -27.5169, -435.724
412.096, -559.394, -27.4769, -435.724
412.016, -559.394, -27.4369, -435.724
411.936, -559.394, -27.3969, -435.724
411.856, -559.394, -27.3569, -435.724
411.776, -559.394, -27.3169, -435.724
411.696, -559.394, -27.2769, -435.724
411.616, -559.394, -27.2369, -435.724
411.536, -559.394, -27.1969, -435.724
411.456, -559.394, -27.1569, -435.724
411.376, -559.394, -27.1169, -435.724
411.296, -559.394, -27.0769, -435.724
411.216, -559.394, -27.0369, -435.724
411.136, -559.394, -26.9969, -435.724
411.056, -559.394, -26.9569, -435.724
410.976, -559.394, -26.9169, -435.724
410.896, -559.394, -26.8769, -435.724
410.816, -559.394, -26.8369, -435.724
410.736, -559.394, -26.7969, -435.724
410.655, -559.394, -26.7569, -435.724
410.575, -559.394, -26.7169, -435.724
410.495, -559.394, -26.6769, -435.724
410.415, -559.394, -26.6369, -435.724
410.335, -559.394, -26.5969, -435.724
410.255, -559.394, -26.5569, -435.724
410.175, -559.394, -26.5169, -435.724
410.095, -559.394, -26.4769, -435.724
410.015, -559.394, -26.4369, -435.724
409.935, -559.394, -26.3969, -435.724
409.855, -559.394, -26.3569, -435.724
409.775, -559.394, -26.3169, -435.724
409.695, -559.394, -26.2769, -435.724
409.615, -559.394, -26.2369, -435.724
409.535, -559.394, -26.1969, -435.724
409.455, -559.394, -26.1569, -435.724
409.375, -559.394, -26.1169, -435.724
409.295, -559.393, -26.0769, -435.724
409.215, -559.393, -26.0369, -435.724
409.135, -559.393, -25.9969, -435.724
409.055, -559.393, -25.9569, -435.724
408.975, -559.393, -25.9169, -435.724
408.895, -559.393, -25.8769, -435.724
408.815, -559.393, -25.8369, -435.724
408.735, -559.393, -25.7969, -435.724
408.655, -559.393, -25.7569, -435.724
408.575, -559.393, -25.7169, -435.724
408.495, -559.393, -25.6769, -435.724
408.415, -559.393, -25.6369, -435.724
408.335, -559.393, -25.5969, -435.724
408.255, -559.393, -25.5569, -435.724
408.175, -559.393, -25.5169, -435.724
408.095, -559.393, -25.4769, -435.724
408.015, -559.393, -25.4369, -435.724
407.935, -559.393, -25.3969, -435.724
407.855, -559.393, -25.3569, -435.724
407.775, -559.393, -25.3169, -435.724
407.695, -559.393, -25.2768, -435.724
407.615, -559.393, -25.2368, -435.724
407.535, -559.393, -25.1968, -435.724
407.455, -559.393, -25.1568, -435.724
407.375, -559.393, -25.1168, -435.724
407.295, -559.393, -25.0768, -435.724
407.215, -559.393, -25.0368, -435.724
407.135, -559.393, -24.9968, -435.724
407.055, -559.393, -24.9568, -435.724
406.975, -559.393, -24.9168, -435.724
406.895, -559.393, -24.8768, -435.724
406.815, -559.393, -24.8368, -435.724
406.735, -559.393, -24.7968, -435.724
406.655, -559.393, -24.7568, -435.724
406.575, -559.393, -24.7168, -435.724
406.495, -559.393, -24.6768, -435.724
406.415, -559.393, -24.6368, -435.724
406.335, -559.393, -24.5968, -435.724
406.254, -559.393, -24.5568, -435.724
406.174, -559.392, -24.5168, -435.724
406.094, -559.392, -24.4768, -435.724
406.014, -559.392, -24.4368, -435.724
405.934, -559.392, -24.3968, -435.723
405.854, -559.392, -24.3568, -435.723
405.774, -559.392, -24.3168, -435.723
405.694, -559.392, -24.2768, -435.723
405.614, -559.392, -24.2368, -435.723
405.534, -559.392, -24.1968, -435.723
405.454, -559.392, -24.1568, -435.723
405.374, -559.392, -24.1168, -435.723
405.294, -559.392, -24.0768, -435.723
405.214, -559.392, -24.0368, -435.723
405.134, -559.392, -23.9968, -435.723
405.054, -559.392, -23.9568, -435.723
404.974, -559.392, -23.9168, -435.723
404.894, -559.392, -23.8768, -435.723
404.814, -559.392, -23.8368, -435.723
404.734, -559.392, -23.7968, -435.723
404.654, -559.392, -23.7568, -435.723
404.574, -559.392, -23.7168, -435.723
404.494, -559.392, -23.6768, -435.723
404.414, -559.392, -23.6368, -435.723
404.334, -559.392, -23.5968, -435.723
404.254, -559.392, -23.5568, -435.723
404.174, -559.392, -23.5168, -435.723
404.094, -559.392, -23.4768, -435.723
404.014, -559.392, -23.4368, -435.723
403.934, -559.392, -23.3968, -435.723
403.854, -559.392, -23.3568, -435.723
403.774, -559.392, -23.3168, -435.723
403.694, -559.392, -23.2768, -435.723
403.614, -559.392, -23.2368, -435.723
403.534, -559.392, -23.1968, -435.723
403.454, -559.391, -23.1568, -435.723
403.374, -559.391, -23.1168, -435.723
403.294, -559.391, -23.0768, -435.723
403.214, -559.391, -23.0368, -435.723
403.134, -559.391, -22.9968, -435.723
403.054, -559.391, -22.9568, -435.723
402.974, -559.391, -22.9168, -435.723
402.894, -559.391, -22.8768, -435.723
402.814, -559.391, -22.8368, -435.723
402.734, -559.391, -22.7968, -435.723
402.653, -559.391, -22.7568, -435.723
402.573, -559.391, -22.7168, -435.723
402.493, -559.391, -22.6768, -435.723
402.413, -559.391, -22.6368, -435.723
402.333, -559.391, -22.5968, -435.723
402.253, -559.391, -22.5568, -435.723
402.173, -559.391, -22.5168, -435.723
402.093, -559.391, -22.4768, -435.723
402.013, -559.391, -22.4368, -435.723
401.933, -559.391, -22.3968, -435.723
401.853, -559.391, -22.3568, -435.723
401.773, -559.391, -22.3168, -435.723
401.693, -559.391, -22.2768, -435.723
401.613, -559.391, -22.2368, -435.723
401.533, -559.391, -22.1968, -435.723
401.453, -559.391, -22.1568, -435.723
401.373, -559.391, -22.1168, -435.723
401.293, -559.391, -22.0768, -435.723
401.213, -559.391, -22.0368, -435.723
401.133, -559.39, -21.9968, -435.723
401.053, -559.39, -21.9568, -435.723
400.973, -559.39, -21.9168, -435.723
400.893, -559.39, -21.8768, -435.723
400.813, -559.39, -21.8368, -435.723
400.733, -559.39, -21.7968, -435.723
400.653, -559.39, -21.7568, -435.723
400.573, -559.39, -21.7168, -435.723
400.493, -559.39, -21.6768, -435.723
400.413, -559.39, -21.6368, -435.723
400.333, -559.39, -21.5968, -435.723
400.253, -559.39, -21.5568, -435.723
400.173, -559.39, -21.5168, -435.723
400.093, -559.39, -21.4768, -435.723
400.013, -559.39, -21.4368, -435.723
399.933, -559.39, -21.3968, -435.723
399.853, -559.39, -21.3568, -435.723
399.773, -559.39, -21.3168, -435.723
399.693, -559.39, -21.2768, -435.722
399.612, -559.39, -21.2368, -435.722
399.532, -559.39, -21.1968, -435.722
399.452, -559.39, -21.1568, -435.722
399.372, -559.39, -21.1168, -435.722
399.292, -559.39, -21.0768, -435.722
399.212, -559.39, -21.0368, -435.722
399.132, -559.39, -20.9968, -435.722
399.052, -559.39, -20.9568, -435.722
398.972, -559.389, -20.9168, -435.722
398.892, -559.389, -20.8768, -435.722
398.812, -559.389, -20.8368, -435.722
398.732, -559.389, -20.7968, -435.722
398.652, -559.389, -20.7568, -435.722
398.572, -559.389, -20.7168, -435.722
398.492, -559.389, -20.6768, -435.722
398.412, -559.389, -20.6368, -435.722
398.332, -559.389, -20.5968, -435.722
398.252, -559.389, -20.5568, -435.722
398.172, -559.389, -20.5168, -435.722
398.092, -559.389, -20.4767, -435.722
398.012, -559.389, -20.4367, -435.722
397.932, -559.389, -20.3967, -435.722
397.852, -559.389, -20.3567, -435.722
397.772, -559.389, -20.3167, -435.722
397.692, -559.389, -20.2767, -435.722
397.612, -559.389, -20.2367, -435.722
397.532, -559.389, -20.1967, -435.722
397.452, -559.389, -20.1567, -435.722
397.372, -559.389, -20.1167, -435.722
397.292, -559.389, -20.0767, -435.722
397.212, -559.389, -20.0367, -435.722
397.132, -559.389, -19.9967, -435.722
397.052, -559.388, -19.9567, -435.722
396.971, -559.388, -19.9167, -435.722
396.891, -559.388, -19.8767, -435.722
396.811, -559.388, -19.8367, -435.722
396.731, -559.388, -19.7967, -435.722
396.651, -559.388, -19.7567, -435.722
396.571, -559.388, -19.7167, -435.722
396.491, -559.388, -19.6767, -435.722
396.411, -559.388, -19.6367, -435.722
396.331, -559.388, -19.5967, -435.722
396.251, -559.388, -19.5567, -435.722
396.171, -559.388, -19.5167, -435.722
396.091, -559.388, -19.4767, -435.722
396.011, -559.388, -19.4367, -435.722
395.931, -559.388, -19.3967, -435.722
395.851, -559.388, -19.3567, -435.722
395.771, -559.388, -19.3167, -435.722
395.691, -559.388, -19.2767, -435.722
395.611, -559.388, -19.2367, -435.722
395.531, -559.388, -19.1967, -435.722
395.451, -559.388, -19.1567, -435.722
395.371, -559.388, -19.1167, -435.722
395.291, -559.388, -19.0767, -435.722
395.211, -559.387, -19.0367, -435.722
395.131, -559.387, -18.9967, -435.722
395.051, -559.387, -18.9567, -435.722
394.971, -559.387, -18.9167, -435.722
394.891, -559.387, -18.8767, -435.722
394.811, -559.387, -18.8367, -435.721
394.731, -559.387, -18.7967, -435.721
394.651, -559.387, -18.7567, -435.721
394.571, -559.387, -18.7167, -435.721
394.49, -559.387, -18.6767, -435.721
394.41, -559.387, -18.6367, -435.721
394.33, -559.387, -18.5967, -435.721
394.25, -559.387, -18.5567, -435.721
394.17, -559.387, -18.5167, -435.721
394.09, -559.387, -18.4767, -435.721
394.01, -559.387, -18.4367, -435.721
393.93, -559.387, -18.3967, -435.721
393.85, -559.387, -18.3567, -435.721
393.77, -559.387, -18.3167, -435.721
393.69, -559.387, -18.2767, -435.721
393.61, -559.387, -18.2367, -435.721
393.53, -559.386, -18.1967, -435.721
393.45, -559.386, -18.1567, -435.721
393.37, -559.386, -18.1167, -435.721
393.29, -559.386, -18.0767, -435.721
393.21, -559.386, -18.0367, -435.721
393.13, -559.386, -17.9967, -435.721
393.05, -559.386, -17.9567, -435.721
392.97, -559.386, -17.9167, -435.721
392.89, -559.386, -17.8767, -435.721
392.81, -559.386, -17.8367, -435.721
392.73, -559.386, -17.7967, -435.721
392.65, -559.386, -17.7567, -435.721
392.57, -559.386, -17.7167, -435.721
392.49, -559.386, -17.6767, -435.721
392.41, -559.386, -17.6367, -435.721
392.33, -559.386, -17.5967, -435.721
392.249, -559.386, -17.5567, -435.721
392.169, -559.386, -17.5167, -435.721
392.089, -559.386, -17.4767, -435.721
392.009, -559.386, -17.4367, -435.721
391.929, -559.385, -17.3967, -435.721
391.849, -559.385, -17.3567, -435.721
391.769, -559.385, -17.3167, -435.721
391.689, -559.385, -17.2767, -435.721
391.609, -559.385, -17.2367, -435.721
391.529, -559.385, -17.1967, -435.721
391.449, -559.385, -17.1567, -435.721
391.369, -559.385, -17.1167, -435.721
391.289, -559.385, -17.0767, -435.721
391.209, -559.385, -17.0367, -435.721
391.129, -559.385, -16.9967, -435.721
391.049, -559.385, -16.9567, -435.721
390.969, -559.385, -16.9167, -435.721
390.889, -559.385, -16.8767, -435.721
390.809, -559.385, -16.8366, -435.721
390.729, -559.385, -16.7966, -435.72
390.649, -559.385, -16.7566, -435.72
390.569, -559.385, -16.7166, -435.72
390.489, -559.385, -16.6766, -435.72
390.409, -559.384, -16.6366, -435.72
390.329, -559.384, -16.5966, -435.72
390.249, -559.384, -16.5566, -435.72
390.168, -559.384, -16.5166, -435.72
390.088, -559.384, -16.4766, -435.72
390.008, -559.384, -16.4366, -435.72
389.928, -559.384, -16.3966, -435.72
389.848, -559.384, -16.3566, -435.72
389.768, -559.384, -16.3166, -435.72
389.688, -559.384, -16.2766, -435.72
389.608, -559.384, -16.2366, -435.72
389.528, -559.384, -16.1966, -435.72
389.448, -559.384, -16.1566, -435.72
389.368, -559.384, -16.1166, -435.72
389.288, -559.384, -16.0766, -435.72
389.208, -559.384, -16.0366, -435.72
389.128, -559.384, -15.9966, -435.72
389.048, -559.384, -15.9566, -435.72
388.968, -559.383, -15.9166, -435.72
388.888, -559.383, -15.8766, -435.72
388.808, -559.383, -15.8366, -435.72
388.728, -559.383, -15.7966, -435.72
388.648, -559.383, -15.7566, -435.72
388.568, -559.383, -15.7166, -435.72
388.488, -559.383, -15.6766, -435.72
388.408, -559.383, -15.6366, -435.72
388.328, -559.383, -15.5966, -435.72
388.247, -559.383, -15.5566, -435.72
388.167, -559.383, -15.5166, -435.72
388.087, -559.383, -15.4766, -435.72
388.007, -559.383, -15.4366, -435.72
387.927, -559.383, -15.3966, -435.72
387.847, -559.383, -15.3566, -435.72
387.767, -559.383, -15.3166, -435.72
387.687, -559.383, -15.2766, -435.72
387.607, -559.382, -15.2366, -435.72
387.527, -559.382, -15.1966, -435.72
387.447, -559.382, -15.1566, -435.72
387.367, -559.382, -15.1166, -435.72
387.287, -559.382, -15.0766, -435.72
387.207, -559.382, -15.0366, -435.72
387.127, -559.382, -14.9966, -435.719
387.047, -559.382, -14.9566, -435.719
386.967, -559.382, -14.9166, -435.719
386.887, -559.382, -14.8766, -435.719
386.807, -559.382, -14.8366, -435.719
386.727, -559.382, -14.7966, -435.719
386.647, -559.382, -14.7566, -435.719
386.567, -559.382, -14.7166, -435.719
386.487, -559.382, -14.6766, -435.719
386.406, -559.382, -14.6366, -435.719
386.326, -559.382, -14.5966, -435.719
386.246, -559.381, -14.5566, -435.719
386.166, -559.381, -14.5166, -435.719
386.086, -559.381, -14.4766, -435.719
386.006, -559.381, -14.4366, -435.719
385.926, -559.381, -14.3966, -435.719
385.846, -559.381, -14.3566, -435.719
385.766, -559.381, -14.3166, -435.719
385.686, -559.381, -14.2766, -435.719
385.606, -559.381, -14.2366, -435.719
385.526, -559.381, -14.1966, -435.719
385.446, -559.381, -14.1566, -435.719
385.366, -559.381, -14.1166, -435.719
385.286, -559.381, -14.0766, -435.719
385.206, -559.381, -14.0366, -435.719
385.126, -559.381, -13.9966, -435.719
385.046, -559.381, -13.9566, -435.719
384.966, -559.38, -13.9166, -435.719
384.886, -559.38, -13.8766, -435.719
384.806, -559.38, -13.8366, -435.719
384.726, -559.38, -13.7966, -435.719
384.645, -559.38, -13.7566, -435.719
384.565, -559.38, -13.7165, -435.719
384.485, -559.38, -13.6765, -435.719
384.405, -559.38, -13.6365, -435.719
384.325, -559.38, -13.5965, -435.719
384.245, -559.38, -13.5565, -435.719
384.165, -559.38, -13.5165, -435.719
384.085, -559.38, -13.4765, -435.719
384.005, -559.38, -13.4365, -435.719
383.925, -559.38, -13.3965, -435.719
383.845, -559.38, -13.3565, -435.718
383.765, -559.379, -13.3165, -435.718
383.685, -559.379, -13.2765, -435.718
383.605, -559.379, -13.2365, -435.718
383.525, -559.379, -13.1965, -435.718
383.445, -559.379, -13.1565, -435.718
383.365, -559.379, -13.1165, -435.718
383.285, -559.379, -13.0765, -435.718
383.205, -559.379, -13.0365, -435.718
383.125, -559.379, -12.9965, -435.718
383.045, -559.379, -12.9565, -435.718
382.964, -559.379, -12.9165, -435.718
382.884, -559.379, -12.8765, -435.718
382.804, -559.379, -12.8365, -435.718
382.724, -559.379, -12.7965, -435.718
382.644, -559.379, -12.7565, -435.718
382.564, -559.378, -12.7165, -435.718
382.484, -559.378, -12.6765, -435.718
382.404, -559.378, -12.6365, -435.718
382.324, -559.378, -12.5965, -435.718
382.244, -559.378, -12.5565, -435.718
382.164, -559.378, -12.5165, -435.718
382.084, -559.378, -12.4765, -435.718
382.004, -559.378, -12.4365, -435.718
381.924, -559.378, -12.3965, -435.718
381.844, -559.378, -12.3565, -435.718
381.764, -559.378, -12.3165, -435.718
381.684, -559.378, -12.2765, -435.718
381.604, -559.378, -12.2365, -435.718
381.524, -559.378, -12.1965, -435.718
381.444, -559.377, -12.1565, -435.718
381.363, -559.377, -12.1165, -435.718
381.283, -559.377, -12.0765, -435.718
381.203, -559.377, -12.0365, -435.718
381.123, -559.377, -11.9965, -435.718
381.043, -559.377, -11.9565, -435.718
380.963, -559.377, -11.9165, -435.718
380.883, -559.377, -11.8765, -435.717
380.803, -559.377, -11.8365, -435.717
380.723, -559.377, -11.7965, -435.717
380.643, -559.377, -11.7565, -435.717
380.563, -559.377, -11.7165, -435.717
380.483, -559.377, -11.6765, -435.717
380.403, -559.377, -11.6365, -435.717
380.323, -559.376, -11.5965, -435.717
380.243, -559.376, -11.5565, -435.717
380.163, -559.376, -11.5165, -435.717
380.083, -559.376, -11.4765, -435.717
380.003, -559.376, -11.4365, -435.717
379.923, -559.376, -11.3965, -435.717
379.842, -559.376, -11.3565, -435.717
379.762, -559.376, -11.3165, -435.717
379.682, -559.376, -11.2765, -435.717
379.602, -559.376, -11.2365, -435.717
379.522, -559.376, -11.1965, -435.717
379.442, -559.376, -11.1565, -435.717
379.362, -559.376, -11.1165, -435.717
379.282, -559.375, -11.0765, -435.717
379.202, -559.375, -11.0365, -435.717
379.122, -559.375, -10.9965, -435.717
379.042, -559.375, -10.9565, -435.717
378.962, -559.375, -10.9164, -435.717
378.882, -559.375, -10.8764, -435.717
378.802, -559.375, -10.8364, -435.717
378.722, -559.375, -10.7964, -435.717
378.642, -559.375, -10.7564, -435.717
378.562, -559.375, -10.7164, -435.717
378.482, -559.375, -10.6764, -435.717
378.401, -559.375, -10.6364, -435.717
378.321, -559.375, -10.5964, -435.717
378.241, -559.374, -10.5564, -435.717
378.161, -559.374, -10.5164, -435.716
378.081, -559.374, -10.4764, -435.716
378.001, -559.374, -10.4364, -435.716
377.921, -559.374, -10.3964, -435.716
377.841, -559.374, -10.3564, -435.716
377.761, -559.374, -10.3164, -435.716
377.681, -559.374, -10.2764, -435.716
377.601, -559.374, -10.2364, -435.716
377.521, -559.374, -10.1964, -435.716
377.441, -559.374, -10.1564, -435.716
377.361, -559.374, -10.1164, -435.716
377.281, -559.374, -10.0764, -435.716
377.201, -559.373, -10.0364, -435.716
377.121, -559.373, -9.99642, -435.716
377.041, -559.373, -9.95641, -435.716
376.96, -559.373, -9.91641, -435.716
376.88, -559.373, -9.87641, -435.716
376.8, -559.373, -9.83641, -435.716
376.72, -559.373, -9.79641, -435.716
376.64, -559.373, -9.75641, -435.716
376.56, -559.373, -9.7164, -435.716
376.48, -559.373, -9.6764, -435.716
376.4, -559.373, -9.6364, -435.716
376.32, -559.373, -9.5964, -435.716
376.24, -559.372, -9.5564, -435.716
376.16, -559.372, -9.5164, -435.716
376.08, -559.372, -9.4764, -435.716
376, -559.372, -9.43639, -435.716
375.92, -559.372, -9.39639, -435.716
375.84, -559.372, -9.35639, -435.716
375.76, -559.372, -9.31639, -435.716
375.68, -559.372, -9.27639, -435.716
375.599, -559.372, -9.23639, -435.715
375.519, -559.372, -9.19638, -435.715
375.439, -559.372, -9.15638, -435.715
375.359, -559.372, -9.11638, -435.715
375.279, -559.371, -9.07638, -435.715
375.199, -559.371, -9.03638, -435.715
375.119, -559.371, -8.99638, -435.715
375.039, -559.371, -8.95638, -435.715
374.959, -559.371, -8.91637, -435.715
374.879, -559.371, -8.87637, -435.715
374.799, -559.371, -8.83637, -435.715
374.719, -559.371, -8.79637, -435.715
374.639, -559.371, -8.75637, -435.715
374.559, -559.371, -8.71637, -435.715
374.479, -559.371, -8.67636, -435.715
374.399, -559.371, -8.63636, -435.715
374.319, -559.37, -8.59636, -435.715
374.238, -559.37, -8.55636, -435.715
374.158, -559.37, -8.51636, -435.715
374.078, -559.37, -8.47636, -435.715
373.998, -559.37, -8.43636, -435.715
373.918, -559.37, -8.39635, -435.715
373.838, -559.37, -8.35635, -435.715
373.758, -559.37, -8.31635, -435.715
373.678, -559.37, -8.27635, -435.715
373.598, -559.37, -8.23635, -435.715
373.518, -559.37, -8.19635, -435.715
373.438, -559.37, -8.15634, -435.715
373.358, -559.369, -8.11634, -435.715
373.278, -559.369, -8.07634, -435.715
373.198, -559.369, -8.03634, -435.714
373.118, -559.369, -7.99634, -435.714
373.038, -559.369, -7.95634, -435.714
372.957, -559.369, -7.91633, -435.714
372.877, -559.369, -7.87633, -435.714
372.797, -559.369, -7.83633, -435.714
372.717, -559.369, -7.79633, -435.714
372.637, -559.369, -7.75633, -435.714
372.557, -559.369, -7.71633, -435.714
372.477, -559.368, -7.67633, -435.714
372.397, -559.368, -7.63632, -435.714
372.317, -559.368, -7.59632, -435.714
372.237, -559.368, -7.55632, -435.714
372.157, -559.368, -7.51632, -435.714
372.077, -559.368, -7.47632, -435.714
371.997, -559.368, -7.43632, -435.714
371.917, -559.368, -7.39631, -435.714
371.837, -559.368, -7.35631, -435.714
371.756, -559.368, -7.31631, -435.714
371.676, -559.368, -7.27631, -435.714
371.596, -559.367, -7.23631, -435.714
371.516, -559.367, -7.19631, -435.714
371.436, -559.367, -7.1563, -435.714
371.356, -559.367, -7.1163, -435.714
371.276, -559.367, -7.0763, -435.714
371.196, -559.367, -7.0363, -435.714
371.116, -559.367, -6.9963, -435.714
371.036, -559.367, -6.9563, -435.714
370.956, -559.367, -6.91629, -435.713
370.876, -559.367, -6.87629, -435.713
370.796, -559.367, -6.83629, -435.713
370.716, -559.366, -6.79629, -435.713
370.636, -559.366, -6.75629, -435.713
370.556, -559.366, -6.71629, -435.713
370.475, -559.366, -6.67628, -435.713
370.395, -559.366, -6.63628, -435.713
370.315, -559.366, -6.59628, -435.713
370.235, -559.366, -6.55628, -435.713
370.155, -559.366, -6.51628, -435.713
370.075, -559.366, -6.47628, -435.713
369.995, -559.366, -6.43627, -435.713
369.915, -559.365, -6.39627, -435.713
369.835, -559.365, -6.35627, -435.713
369.755, -559.365, -6.31627, -435.713
369.675, -559.365, -6.27627, -435.713
369.595, -559.365, -6.23627, -435.713
369.515, -559.365, -6.19627, -435.713
369.435, -559.365, -6.15626, -435.713
369.354, -559.365, -6.11626, -435.713
369.274, -559.365, -6.07626, -435.713
369.194, -559.365, -6.03626, -435.713
369.114, -559.364, -5.99626, -435.713
369.034, -559.364, -5.95626, -435.713
368.954, -559.364, -5.91625, -435.713
368.874, -559.364, -5.87625, -435.713
368.794, -559.364, -5.83625, -435.712
368.714, -559.364, -5.79625, -435.712
368.634, -559.364, -5.75625, -435.712
368.554, -559.364, -5.71625, -435.712
368.474, -559.364, -5.67624, -435.712
368.394, -559.364, -5.63624, -435.712
368.314, -559.364, -5.59624, -435.712
368.234, -559.363, -5.55624, -435.712
368.153, -559.363, -5.51624, -435.712
368.073, -559.363, -5.47624, -435.712
367.993, -559.363, -5.43623, -435.712
367.913, -559.363, -5.39623, -435.712
367.833, -559.363, -5.35623, -435.712
367.753, -559.363, -5.31623, -435.712
367.673, -559.363, -5.27623, -435.712
367.593, -559.363, -5.23623, -435.712
367.513, -559.363, -5.19622, -435.712
367.433, -559.362, -5.15622, -435.712
367.353, -559.362, -5.11622, -435.712
367.273, -559.362, -5.07622, -435.712
367.193, -559.362, -5.03622, -435.712
367.113, -559.362, -4.99622, -435.712
367.032, -559.362, -4.95621, -435.712
366.952, -559.362, -4.91621, -435.712
366.872, -559.362, -4.87621, -435.712
366.792, -559.362, -4.83621, -435.711
366.712, -559.361, -4.79621, -435.711
366.632, -559.361, -4.75621, -435.711
366.552, -559.361, -4.7162, -435.711
366.472, -559.361, -4.6762, -435.711
366.392, -559.361, -4.6362, -435.711
366.312, -559.361, -4.5962, -435.711
366.232, -559.361, -4.5562, -435.711
366.152, -559.361, -4.5162, -435.711
366.072, -559.361, -4.47619, -435.711
365.992, -559.361, -4.43619, -435.711
365.911, -559.36, -4.39619, -435.711
365.831, -559.36, -4.35619, -435.711
365.751, -559.36, -4.31619, -435.711
365.671, -559.36, -4.27619, -435.711
365.591, -559.36, -4.23618, -435.711
365.511, -559.36, -4.19618, -435.711
365.431, -559.36, -4.15618, -435.711
365.351, -559.36, -4.11618, -435.711
365.271, -559.36, -4.07618, -435.711
365.191, -559.359, -4.03618, -435.711
365.111, -559.359, -3.99617, -435.711
365.031, -559.359, -3.95617, -435.711
364.951, -559.359, -3.91617, -435.711
364.87, -559.359, -3.87617, -435.711
364.79, -559.359, -3.83617, -435.71
364.71, -559.359, -3.79617, -435.71
364.63, -559.359, -3.75616, -435.71
364.55, -559.359, -3.71616, -435.71
364.47, -559.359, -3.67616, -435.71
364.39, -559.358, -3.63616, -435.71
364.31, -559.358, -3.59616, -435.71
364.23, -559.358, -3.55616, -435.71
364.15, -559.358, -3.51615, -435.71
364.07, -559.358, -3.47615, -435.71
363.99, -559.358, -3.43615, -435.71
363.91, -559.358, -3.39615, -435.71
363.829, -559.358, -3.35615, -435.71
363.749, -559.358, -3.31615, -435.71
363.669, -559.357, -3.27614, -435.71
363.589, -559.357, -3.23614, -435.71
363.509, -559.357, -3.19614, -435.71
363.429, -559.357, -3.15614, -435.71
363.349, -559.357, -3.11614, -435.71
363.269, -559.357, -3.07613, -435.71
363.189, -559.357, -3.03613, -435.71
363.109, -559.357, -2.99613, -435.71
363.029, -559.357, -2.95613, -435.71
362.949, -559.356, -2.91613, -435.709
362.869, -559.356, -2.87613, -435.709
362.788, -559.356, -2.83612, -435.709
362.708, -559.356, -2.79612, -435.709
362.628, -559.356, -2.75612, -435.709
362.548, -559.356, -2.71612, -435.709
362.468, -559.356, -2.67612, -435.709
362.388, -559.356, -2.63612, -435.709
362.308, -559.356, -2.59611, -435.709
362.228, -559.355, -2.55611, -435.709
362.148, -559.355, -2.51611, -435.709
362.068, -559.355, -2.47611, -435.709
361.988, -559.355, -2.43611, -435.709
361.908, -559.355, -2.39611, -435.709
361.828, -559.355, -2.3561, -435.709
361.747, -559.355, -2.3161, -435.709
361.667, -559.355, -2.2761, -435.709
361.587, -559.355, -2.2361, -435.709
361.507, -559.354, -2.1961, -435.709
361.427, -559.354, -2.1561, -435.709
361.347, -559.354, -2.11609, -435.709
361.267, -559.354, -2.07609, -435.709
361.187, -559.354, -2.03609, -435.709
361.107, -559.354, -1.99609, -435.708
361.027, -559.354, -1.95609, -435.708
360.947, -559.354, -1.91609, -435.708
360.867, -559.353, -1.87608, -435.708
360.786, -559.353, -1.83608, -435.708
360.706, -559.353, -1.79608, -435.708
360.626, -559.353, -1.75608, -435.708
360.546, -559.353, -1.71608, -435.708
360.466, -559.353, -1.67608, -435.708
360.386, -559.353, -1.63607, -435.708
360.306, -559.353, -1.59607, -435.708
360.226, -559.353, -1.55607, -435.708
360.146, -559.352, -1.51607, -435.708
360.066, -559.352, -1.47607, -435.708
359.986, -559.352, -1.43606, -435.708
359.906, -559.352, -1.39606, -435.708
359.825, -559.352, -1.35606, -435.708
359.745, -559.352, -1.31606, -435.708
359.665, -559.352, -1.27606, -435.708
359.585, -559.352, -1.23606, -435.708
359.505, -559.351, -1.19605, -435.708
359.425, -559.351, -1.15605, -435.707
359.345, -559.351, -1.11605, -435.707
359.265, -559.351, -1.07605, -435.707
359.185, -559.351, -1.03605, -435.707
359.105, -559.351, -0.996046, -435.707
359.025, -559.351, -0.956044, -435.707
358.945, -559.351, -0.916043, -435.707
358.864, -559.35, -0.876041, -435.707
358.784, -559.35, -0.836039, -435.707
358.704, -559.35, -0.796037, -435.707
358.624, -559.35, -0.756036, -435.707
358.544, -559.35, -0.716034, -435.707
358.464, -559.35, -0.676032, -435.707
358.384, -559.35, -0.636031, -435.707
358.304, -559.35, -0.596029, -435.707
358.224, -559.349, -0.556027, -435.707
358.144, -559.349, -0.516025, -435.707
358.064, -559.349, -0.476024, -435.707
357.984, -559.349, -0.436022, -435.707
357.903, -559.349, -0.39602, -435.707
357.823, -559.349, -0.356019, -435.707
357.743, -559.349, -0.316017, -435.706
357.663, -559.349, -0.276015, -435.706
357.583, -559.348, -0.236013, -435.706
357.503, -559.348, -0.196012, -435.706
357.423, -559.348, -0.15601, -435.706
357.343, -559.348, -0.116008, -435.706
357.263, -559.348, -0.0760066, -435.706
357.183, -559.348, -0.0360049, -435.706
357.103, -559.348, 0.00399686, -435.706
357.022, -559.348, 0.0439986, -435.706
356.942, -559.347, 0.0840003, -435.706
356.862, -559.347, 0.124002, -435.706
356.782, -559.347, 0.164004, -435.706
356.702, -559.347, 0.204005, -435.706
356.622, -559.347, 0.244007, -435.706
356.542, -559.347, 0.284009, -435.706
356.462, -559.347, 0.324011, -435.706
356.382, -559.347, 0.364012, -435.706
356.302, -559.346, 0.404014, -435.706
356.222, -559.346, 0.444016, -435.706
356.142, -559.346, 0.484017, -435.705
356.061, -559.346, 0.524019, -435.705
355.981, -559.346, 0.564021, -435.705
355.901, -559.346, 0.604023, -435.705
355.821, -559.346, 0.644024, -435.705
355.741, -559.346, 0.684026, -435.705
355.661, -559.345, 0.724028, -435.705
355.581, -559.345, 0.764029, -435.705
355.501, -559.345, 0.804031, -435.705
355.421, -559.345, 0.844033, -435.705
355.341, -559.345, 0.884035, -435.705
355.261, -559.345, 0.924036, -435.705
355.18, -559.345, 0.964038, -435.705
355.1, -559.345, 1.00404, -435.705
355.02, -559.344, 1.04404, -435.705
354.94, -559.344, 1.08404, -435.705
354.86, -559.344, 1.12404, -435.705
354.78, -559.344, 1.16405, -435.705
354.7, -559.344, 1.20405, -435.705
354.62, -559.344, 1.24405, -435.705
354.54, -559.344, 1.28405, -435.704
354.46, -559.343, 1.32405, -435.704
354.38, -559.343, 1.36406, -435.704
354.299, -559.343, 1.40406, -435.704
354.219, -559.343, 1.44406, -435.704
354.139, -559.343, 1.48406, -435.704
354.059, -559.343, 1.52406, -435.704
353.979, -559.343, 1.56406, -435.704
353.899, -559.342, 1.60407, -435.704
353.819, -559.342, 1.64407, -435.704
353.739, -559.342, 1.68407, -435.704
353.659, -559.342, 1.72407, -435.704
353.579, -559.342, 1.76407, -435.704
353.498, -559.342, 1.80407, -435.704
353.418, -559.342, 1.84408, -435.704
353.338, -559.342, 1.88408, -435.704
353.258, -559.341, 1.92408, -435.704
353.178, -559.341, 1.96408, -435.704
353.098, -559.341, 2.00408, -435.704
353.018, -559.341, 2.04408, -435.703
352.938, -559.341, 2.08409, -435.703
352.858, -559.341, 2.12409, -435.703
352.778, -559.341, 2.16409, -435.703
352.698, -559.34, 2.20409, -435.703
352.617, -559.34, 2.24409, -435.703
352.537, -559.34, 2.28409, -435.703
352.457, -559.34, 2.3241, -435.703
352.377, -559.34, 2.3641, -435.703
352.297, -559.34, 2.4041, -435.703
352.217, -559.34, 2.4441, -435.703
352.137, -559.339, 2.4841, -435.703
352.057, -559.339, 2.5241, -435.703
351.977, -559.339, 2.56411, -435.703
351.897, -559.339, 2.60411, -435.703
351.816, -559.339, 2.64411, -435.703
351.736, -559.339, 2.68411, -435.703
351.656, -559.339, 2.72411, -435.703
351.576, -559.338, 2.76411, -435.702
351.496, -559.338, 2.80412, -435.702
351.416, -559.338, 2.84412, -435.702
351.336, -559.338, 2.88412, -435.702
351.256, -559.338, 2.92412, -435.702
351.176, -559.338, 2.96412, -435.702
351.096, -559.338, 3.00413, -435.702
351.016, -559.337, 3.04413, -435.702
350.935, -559.337, 3.08413, -435.702
350.855, -559.337, 3.12413, -435.702
350.775, -559.337, 3.16413, -435.702
350.695, -559.337, 3.20413, -435.702
350.615, -559.337, 3.24414, -435.702
350.535, -559.337, 3.28414, -435.702
350.455, -559.336, 3.32414, -435.702
350.375, -559.336, 3.36414, -435.702
350.295, -559.336, 3.40414, -435.702
350.215, -559.336, 3.44414, -435.702
350.134, -559.336, 3.48415, -435.701
350.054, -559.336, 3.52415, -435.701
349.974, -559.336, 3.56415, -435.701
349.894, -559.335, 3.60415, -435.701
349.814, -559.335, 3.64415, -435.701
349.734, -559.335, 3.68415, -435.701
349.654, -559.335, 3.72416, -435.701
349.574, -559.335, 3.76416, -435.701
349.494, -559.335, 3.80416, -435.701
349.414, -559.335, 3.84416, -435.701
349.333, -559.334, 3.88416, -435.701
349.253, -559.334, 3.92416, -435.701
349.173, -559.334, 3.96417, -435.701
349.093, -559.334, 4.00417, -435.701
349.013, -559.334, 4.04417, -435.701
348.933, -559.334, 4.08417, -435.701
348.853, -559.334, 4.12417, -435.701
348.773, -559.333, 4.16417, -435.701
348.693, -559.333, 4.20418, -435.7
348.613, -559.333, 4.24418, -435.7
348.532, -559.333, 4.28418, -435.7
348.452, -559.333, 4.32418, -435.7
348.372, -559.333, 4.36418, -435.7
348.292, -559.333, 4.40418, -435.7
348.212, -559.332, 4.44419, -435.7
348.132, -559.332, 4.48419, -435.7
348.052, -559.332, 4.52419, -435.7
347.972, -559.332, 4.56419, -435.7
347.892, -559.332, 4.60419, -435.7
347.811, -559.332, 4.64419, -435.7
347.731, -559.331, 4.6842, -435.7
347.651, -559.331, 4.7242, -435.7
347.571, -559.331, 4.7642, -435.7
347.491, -559.331, 4.8042, -435.7
347.411, -559.331, 4.8442, -435.7
347.331, -559.331, 4.8842, -435.699
347.251, -559.331, 4.92421, -435.699
347.171, -559.33, 4.96421, -435.699
347.091, -559.33, 5.00421, -435.699
347.01, -559.33, 5.04421, -435.699
346.93, -559.33, 5.08421, -435.699
346.85, -559.33, 5.12421, -435.699
346.77, -559.33, 5.16422, -435.699
346.69, -559.329, 5.20422, -435.699
346.61, -559.329, 5.24422, -435.699
346.53, -559.329, 5.28422, -435.699
346.45, -559.329, 5.32422, -435.699
346.37, -559.329, 5.36422, -435.699
346.289, -559.329, 5.40423, -435.699
346.209, -559.329, 5.44423, -435.699
346.129, -559.328, 5.48423, -435.699
346.049, -559.328, 5.52423, -435.698
345.969, -559.328, 5.56423, -435.698
345.889, -559.328, 5.60423, -435.698
345.809, -559.328, 5.64424, -435.698
